Kind,Name,PercentLackOfCohesion,AvgCyclomatic,SumCyclomatic,MaxEssential,MaxNesting,MaxInheritanceTree,CountClassBase,CountClassCoupled,CountLine,CountLineComment,CountDeclFunction,CountDeclClass,CountClassDerived
File,"AgenControler.java",,1,3,1,1,,,,48,0,2,1,
File,"AgendarDAO.java",,1,7,1,1,,,,88,0,6,1,
File,"AgendarModel.java",,1,16,1,0,,,,89,0,16,1,
File,"AgendarView.java",,1,24,7,0,,,,209,44,18,4,
File,"AtualizarAgendamentoView.java",,1,19,7,1,,,,177,41,12,4,
File,"BuscarAgendamentoView.java",,1,15,7,1,,,,146,37,8,3,
File,"CCControler.java",,1,3,1,1,,,,41,0,2,1,
File,"CadastrarClienteView.java",,1,18,7,0,,,,175,39,12,3,
File,"ClienteDAO.java",,1,2,1,0,,,,32,0,2,1,
File,"ClienteModel.java",,1,10,1,0,,,,60,0,10,1,
File,"Conexao.java",,1,1,1,0,,,,16,1,1,1,
File,"MenuPView.java",,1,20,7,0,,,,166,48,14,7,
File,"RAgenControler.java",,1,3,1,1,,,,41,0,2,1,
File,"RemoverAgendamentoView.java",,1,15,7,1,,,,151,40,8,3,
File,"build-impl.xml",,0,0,0,0,,,,1445,126,0,0,
File,"build.xml",,0,0,0,0,,,,73,55,0,0,
Package,"controler",,1,9,1,1,,,,130,0,,3,
Public Class,"controler.AgenControler",0,1,3,1,1,1,1,10,35,0,,,0
Public Constructor,"controler.AgenControler.AgenControler",,,1,,0,,,,3,0,,,
Public Method,"controler.AgenControler.SalvarAgenda",,,2,,1,,,,24,0,,,
Public Class,"controler.CCControler",0,1,3,1,1,1,1,10,29,0,,,0
Public Constructor,"controler.CCControler.CCControler",,,1,,0,,,,3,0,,,
Public Method,"controler.CCControler.SalvarCliente",,,2,,1,,,,19,0,,,
Public Class,"controler.RAgenControler",0,1,3,1,1,1,1,10,29,0,,,0
Public Constructor,"controler.RAgenControler.RAgenControler",,,1,,0,,,,3,0,,,
Public Method,"controler.RAgenControler.RemoverAgendamento",,,2,,1,,,,18,0,,,
Package,"dao",,1,10,1,1,,,,136,1,,3,
Public Class,"dao.AgendarDAO",16,1,7,1,1,1,1,7,79,0,,,0
Public Constructor,"dao.AgendarDAO.AgendarDAO",,,1,,0,,,,3,0,,,
Public Method,"dao.AgendarDAO.delete",,,1,,0,,,,9,0,,,
Public Method,"dao.AgendarDAO.find",,,1,,0,,,,11,0,,,
Public Method,"dao.AgendarDAO.insert",,,1,,0,,,,14,0,,,
Private Method,"dao.AgendarDAO.pesquisa",,,2,,1,,,,21,0,,,
Public Method,"dao.AgendarDAO.update",,,1,,0,,,,10,0,,,
Public Class,"dao.ClienteDAO",0,1,2,1,0,1,1,5,22,0,,,0
Public Constructor,"dao.ClienteDAO.ClienteDAO",,,1,,0,,,,3,0,,,
Public Method,"dao.ClienteDAO.insert",,,1,,0,,,,12,0,,,
Public Class,"dao.Conexao",0,1,1,1,0,1,1,3,9,1,,,0
Public Method,"dao.Conexao.getConnection",,,1,,0,,,,5,1,,,
Package,"model",,1,26,1,0,,,,149,0,,2,
Public Class,"model.AgendarModel",72,1,16,1,0,1,1,1,87,0,,,0
Public Constructor,"model.AgendarModel.AgendarModel",,,1,,0,,,,8,0,,,
Public Constructor,"model.AgendarModel.AgendarModel",,,1,,0,,,,3,0,,,
Public Constructor,"model.AgendarModel.AgendarModel",,,1,,0,,,,8,0,,,
Public Constructor,"model.AgendarModel.AgendarModel",,,1,,0,,,,6,0,,,
Public Method,"model.AgendarModel.getData",,,1,,0,,,,3,0,,,
Public Method,"model.AgendarModel.getIdAgen",,,1,,0,,,,3,0,,,
Public Method,"model.AgendarModel.getIdCliente",,,1,,0,,,,3,0,,,
Public Method,"model.AgendarModel.getIdServ",,,1,,0,,,,3,0,,,
Public Method,"model.AgendarModel.getObs",,,1,,0,,,,3,0,,,
Public Method,"model.AgendarModel.getValor",,,1,,0,,,,3,0,,,
Public Method,"model.AgendarModel.setData",,,1,,0,,,,3,0,,,
Public Method,"model.AgendarModel.setIdAgen",,,1,,0,,,,3,0,,,
Public Method,"model.AgendarModel.setIdCliente",,,1,,0,,,,3,0,,,
Public Method,"model.AgendarModel.setIdServ",,,1,,0,,,,3,0,,,
Public Method,"model.AgendarModel.setObs",,,1,,0,,,,3,0,,,
Public Method,"model.AgendarModel.setValor",,,1,,0,,,,3,0,,,
Public Class,"model.ClienteModel",62,1,10,1,0,1,1,1,58,0,,,0
Public Constructor,"model.ClienteModel.ClienteModel",,,1,,0,,,,7,0,,,
Public Constructor,"model.ClienteModel.ClienteModel",,,1,,0,,,,8,0,,,
Public Method,"model.ClienteModel.getCpf",,,1,,0,,,,3,0,,,
Public Method,"model.ClienteModel.getEmail",,,1,,0,,,,3,0,,,
Public Method,"model.ClienteModel.getIdCliente",,,1,,0,,,,3,0,,,
Public Method,"model.ClienteModel.getNome",,,1,,0,,,,3,0,,,
Public Method,"model.ClienteModel.setCpf",,,1,,0,,,,3,0,,,
Public Method,"model.ClienteModel.setEmail",,,1,,0,,,,3,0,,,
Public Method,"model.ClienteModel.setIdCliente",,,1,,0,,,,3,0,,,
Public Method,"model.ClienteModel.setNome",,,1,,0,,,,3,0,,,
File,"private.xml",,0,0,0,0,,,,9,0,0,0,
File,"project.xml",,0,0,0,0,,,,18,0,0,0,
Package,"view",,1,111,7,1,,,,1024,249,,24,
Public Class,"view.AgendarView",88,1,21,7,0,2,1,16,199,39,,,0
Public Constructor,"view.AgendarView.AgendarView",,,1,,0,,,,7,3,,,
Private Method,"view.AgendarView.BCadAgenActionPerformed",,,1,,0,,,,3,2,,,
Public Method,"view.AgendarView.getTxtAGData",,,1,,0,,,,3,0,,,
Public Method,"view.AgendarView.getTxtAGIdCliente",,,1,,0,,,,3,0,,,
Public Method,"view.AgendarView.getTxtAGIdServ",,,1,,0,,,,3,0,,,
Public Method,"view.AgendarView.getTxtAGObs",,,1,,0,,,,3,0,,,
Public Method,"view.AgendarView.getTxtAGValor",,,1,,0,,,,3,0,,,
Private Method,"view.AgendarView.initComponents",,,1,,0,,,,81,15,,,
Anonymous Class,"view.AgendarView.initComponents.(Anon_1)",0,1,1,1,0,2,1,2,4,0,,,0
Public Method,"view.AgendarView.initComponents.(Anon_1).actionPerformed",,,1,,0,,,,3,0,,,
Anonymous Class,"view.AgendarView.initComponents.(Anon_2)",0,1,1,1,0,2,1,2,4,0,,,0
Public Method,"view.AgendarView.initComponents.(Anon_2).actionPerformed",,,1,,0,,,,3,0,,,
Public Static Method,"view.AgendarView.main",,,7,,0,,,,34,10,,,
Anonymous Class,"view.AgendarView.main.(Anon_3)",0,1,1,1,0,2,1,1,4,0,,,0
Public Method,"view.AgendarView.main.(Anon_3).run",,,1,,0,,,,3,0,,,
Public Method,"view.AgendarView.setTxtAGData",,,1,,0,,,,3,0,,,
Public Method,"view.AgendarView.setTxtAGIdCliente",,,1,,0,,,,3,0,,,
Public Method,"view.AgendarView.setTxtAGIdServ",,,1,,0,,,,3,0,,,
Public Method,"view.AgendarView.setTxtAGObs",,,1,,0,,,,3,0,,,
Public Method,"view.AgendarView.setTxtAGValor",,,1,,0,,,,3,0,,,
Private Method,"view.AgendarView.txtAGIdClienteActionPerformed",,,1,,0,,,,3,3,,,
Public Class,"view.AtualizarAgendamentoView",80,1,16,7,1,2,1,25,160,36,,,0
Public Constructor,"view.AtualizarAgendamentoView.AtualizarAgendamentoView",,,1,,0,,,,6,3,,,
Private Method,"view.AtualizarAgendamentoView.BAtuAgenActionPerformed",,,2,,1,,,,19,2,,,
Public Method,"view.AtualizarAgendamentoView.getTxtAttData",,,1,,0,,,,3,0,,,
Public Method,"view.AtualizarAgendamentoView.getTxtAttID",,,1,,0,,,,3,0,,,
Private Method,"view.AtualizarAgendamentoView.initComponents",,,1,,0,,,,58,12,,,
Anonymous Class,"view.AtualizarAgendamentoView.initComponents.(Anon_1)",0,1,1,1,0,2,1,2,4,0,,,0
Public Method,"view.AtualizarAgendamentoView.initComponents.(Anon_1).actionPerformed",,,1,,0,,,,3,0,,,
Anonymous Class,"view.AtualizarAgendamentoView.initComponents.(Anon_2)",0,1,1,1,0,2,1,2,4,0,,,0
Public Method,"view.AtualizarAgendamentoView.initComponents.(Anon_2).actionPerformed",,,1,,0,,,,3,0,,,
Public Static Method,"view.AtualizarAgendamentoView.main",,,7,,0,,,,34,10,,,
Anonymous Class,"view.AtualizarAgendamentoView.main.(Anon_3)",0,1,1,1,0,2,1,1,4,0,,,0
Public Method,"view.AtualizarAgendamentoView.main.(Anon_3).run",,,1,,0,,,,3,0,,,
Public Method,"view.AtualizarAgendamentoView.setTxtAttData",,,1,,0,,,,3,0,,,
Public Method,"view.AtualizarAgendamentoView.setTxtAttID",,,1,,0,,,,3,0,,,
Private Method,"view.AtualizarAgendamentoView.txtAttIDActionPerformed",,,1,,0,,,,3,3,,,
Public Class,"view.BuscarAgendamentoView",73,2,13,7,1,2,1,22,130,32,,,0
Private Method,"view.BuscarAgendamentoView.BBucarAgenActionPerformed",,,2,,1,,,,19,2,,,
Public Constructor,"view.BuscarAgendamentoView.BuscarAgendamentoView",,,1,,0,,,,6,3,,,
Public Method,"view.BuscarAgendamentoView.getTxtFindAge",,,1,,0,,,,3,0,,,
Private Method,"view.BuscarAgendamentoView.initComponents",,,1,,0,,,,43,11,,,
Anonymous Class,"view.BuscarAgendamentoView.initComponents.(Anon_1)",0,1,1,1,0,2,1,2,4,0,,,0
Public Method,"view.BuscarAgendamentoView.initComponents.(Anon_1).actionPerformed",,,1,,0,,,,3,0,,,
Public Static Method,"view.BuscarAgendamentoView.main",,,7,,0,,,,34,10,,,
Anonymous Class,"view.BuscarAgendamentoView.main.(Anon_2)",0,1,1,1,0,2,1,1,4,0,,,0
Public Method,"view.BuscarAgendamentoView.main.(Anon_2).run",,,1,,0,,,,3,0,,,
Public Method,"view.BuscarAgendamentoView.setTxtFindAge",,,1,,0,,,,3,0,,,
Public Class,"view.CadastrarClienteView",83,1,16,7,0,2,1,16,156,34,,,0
Private Method,"view.CadastrarClienteView.BCadCActionPerformed",,,1,,0,,,,5,2,,,
Public Constructor,"view.CadastrarClienteView.CadastrarClienteView",,,1,,0,,,,7,3,,,
Public Method,"view.CadastrarClienteView.getTxtCpfC",,,1,,0,,,,3,0,,,
Public Method,"view.CadastrarClienteView.getTxtEmailC",,,1,,0,,,,3,0,,,
Public Method,"view.CadastrarClienteView.getTxtNomeC",,,1,,0,,,,3,0,,,
Private Method,"view.CadastrarClienteView.initComponents",,,1,,0,,,,59,13,,,
Anonymous Class,"view.CadastrarClienteView.initComponents.(Anon_1)",0,1,1,1,0,2,1,2,4,0,,,0
Public Method,"view.CadastrarClienteView.initComponents.(Anon_1).actionPerformed",,,1,,0,,,,3,0,,,
Public Static Method,"view.CadastrarClienteView.main",,,7,,0,,,,34,10,,,
Anonymous Class,"view.CadastrarClienteView.main.(Anon_2)",0,1,1,1,0,2,1,1,4,0,,,0
Public Method,"view.CadastrarClienteView.main.(Anon_2).run",,,1,,0,,,,3,0,,,
Public Method,"view.CadastrarClienteView.setTxtCpfC",,,1,,0,,,,3,0,,,
Public Method,"view.CadastrarClienteView.setTxtEmailC",,,1,,0,,,,3,0,,,
Public Method,"view.CadastrarClienteView.setTxtNomeC",,,1,,0,,,,3,0,,,
Public Class,"view.MenuPView",87,1,14,7,0,2,1,19,159,43,,,0
Private Method,"view.MenuPView.BAgendarActionPerformed",,,1,,0,,,,4,2,,,
Private Method,"view.MenuPView.BAttAgenActionPerformed",,,1,,0,,,,4,2,,,
Private Method,"view.MenuPView.BBusAgenActionPerformed",,,1,,0,,,,4,2,,,
Private Method,"view.MenuPView.BCadastrarCActionPerformed",,,1,,0,,,,4,2,,,
Private Method,"view.MenuPView.BRemAgenActionPerformed",,,1,,0,,,,4,2,,,
Public Constructor,"view.MenuPView.MenuPView",,,1,,0,,,,6,3,,,
Private Method,"view.MenuPView.initComponents",,,1,,0,,,,75,14,,,
Anonymous Class,"view.MenuPView.initComponents.(Anon_1)",0,1,1,1,0,2,1,2,4,0,,,0
Public Method,"view.MenuPView.initComponents.(Anon_1).actionPerformed",,,1,,0,,,,3,0,,,
Anonymous Class,"view.MenuPView.initComponents.(Anon_2)",0,1,1,1,0,2,1,2,4,0,,,0
Public Method,"view.MenuPView.initComponents.(Anon_2).actionPerformed",,,1,,0,,,,3,0,,,
Anonymous Class,"view.MenuPView.initComponents.(Anon_3)",0,1,1,1,0,2,1,2,4,0,,,0
Public Method,"view.MenuPView.initComponents.(Anon_3).actionPerformed",,,1,,0,,,,3,0,,,
Anonymous Class,"view.MenuPView.initComponents.(Anon_4)",0,1,1,1,0,2,1,2,4,0,,,0
Public Method,"view.MenuPView.initComponents.(Anon_4).actionPerformed",,,1,,0,,,,3,0,,,
Anonymous Class,"view.MenuPView.initComponents.(Anon_5)",0,1,1,1,0,2,1,2,4,0,,,0
Public Method,"view.MenuPView.initComponents.(Anon_5).actionPerformed",,,1,,0,,,,3,0,,,
Public Static Method,"view.MenuPView.main",,,7,,0,,,,34,10,,,
Anonymous Class,"view.MenuPView.main.(Anon_6)",0,1,1,1,0,2,1,1,4,0,,,0
Public Method,"view.MenuPView.main.(Anon_6).run",,,1,,0,,,,3,0,,,
Public Class,"view.RemoverAgendamentoView",73,2,13,7,1,2,1,24,132,34,,,0
Private Method,"view.RemoverAgendamentoView.BReAgenActionPerformed",,,2,,1,,,,19,2,,,
Public Constructor,"view.RemoverAgendamentoView.RemoverAgendamentoView",,,1,,0,,,,7,4,,,
Public Method,"view.RemoverAgendamentoView.getTxtRemAgen",,,1,,0,,,,3,0,,,
Private Method,"view.RemoverAgendamentoView.initComponents",,,1,,0,,,,43,11,,,
Anonymous Class,"view.RemoverAgendamentoView.initComponents.(Anon_1)",0,1,1,1,0,2,1,2,4,0,,,0
Public Method,"view.RemoverAgendamentoView.initComponents.(Anon_1).actionPerformed",,,1,,0,,,,3,0,,,
Public Static Method,"view.RemoverAgendamentoView.main",,,7,,0,,,,34,10,,,
Anonymous Class,"view.RemoverAgendamentoView.main.(Anon_2)",0,1,1,1,0,2,1,1,4,0,,,0
Public Method,"view.RemoverAgendamentoView.main.(Anon_2).run",,,1,,0,,,,3,0,,,
Public Method,"view.RemoverAgendamentoView.setTxtRemAgen",,,1,,0,,,,3,0,,,
