Project Name,Package Name,Type Name,Method Name,LOC,CC,PC,Line no
StateProgressBar-master,com.kofigyan.stateprogressbarsample,ApplicationTest,ApplicationTest,3,1,0,10
StateProgressBar-master,com.kofigyan.stateprogressbarsample,AllStatesCompletedActivity,onCreate,4,1,1,11
StateProgressBar-master,com.kofigyan.stateprogressbarsample,AnimationFourStatesActivity,onCreate,4,1,1,14
StateProgressBar-master,com.kofigyan.stateprogressbarsample,AnimationFourStatesActivity,onCreateOptionsMenu,5,1,1,21
StateProgressBar-master,com.kofigyan.stateprogressbarsample,AnimationFourStatesActivity,onOptionsItemSelected,13,4,1,31
StateProgressBar-master,com.kofigyan.stateprogressbarsample,BaseActivity,setContentView,4,1,1,21
StateProgressBar-master,com.kofigyan.stateprogressbarsample,BaseActivity,onCreateOptionsMenu,4,1,1,28
StateProgressBar-master,com.kofigyan.stateprogressbarsample,BaseActivity,onOptionsItemSelected,36,12,1,35
StateProgressBar-master,com.kofigyan.stateprogressbarsample,BaseDescriptionActivity,setContentView,4,1,1,21
StateProgressBar-master,com.kofigyan.stateprogressbarsample,BaseDescriptionActivity,onCreateOptionsMenu,5,1,1,37
StateProgressBar-master,com.kofigyan.stateprogressbarsample,BaseDescriptionActivity,onOptionsItemSelected,16,4,1,45
StateProgressBar-master,com.kofigyan.stateprogressbarsample,BasicFiveDescendingStatesActivity,onCreate,4,1,1,11
StateProgressBar-master,com.kofigyan.stateprogressbarsample,BasicFiveStatesActivity,onCreate,4,1,1,11
StateProgressBar-master,com.kofigyan.stateprogressbarsample,BasicFourDescendingStatesActivity,onCreate,4,1,1,11
StateProgressBar-master,com.kofigyan.stateprogressbarsample,BasicFourStatesActivity,onCreate,4,1,1,11
StateProgressBar-master,com.kofigyan.stateprogressbarsample,BasicThreeDescendingStatesActivity,onCreate,4,1,1,11
StateProgressBar-master,com.kofigyan.stateprogressbarsample,BasicThreeStatesActivity,onCreate,4,1,1,11
StateProgressBar-master,com.kofigyan.stateprogressbarsample,BasicTwoDescendingStatesActivity,onCreate,4,1,1,12
StateProgressBar-master,com.kofigyan.stateprogressbarsample,BasicTwoStatesActivity,onCreate,4,1,1,12
StateProgressBar-master,com.kofigyan.stateprogressbarsample,ChangingStatesSizeActivity,onCreate,6,1,1,15
StateProgressBar-master,com.kofigyan.stateprogressbarsample,CheckFourStatesActivity,onCreate,4,1,1,11
StateProgressBar-master,com.kofigyan.stateprogressbarsample,ColoringStatesActivity,onCreate,4,1,1,11
StateProgressBar-master,com.kofigyan.stateprogressbarsample,DescriptionFourStatesActivity,onCreate,4,1,1,11
StateProgressBar-master,com.kofigyan.stateprogressbarsample,ListBaseActivity,setContentView,4,1,1,21
StateProgressBar-master,com.kofigyan.stateprogressbarsample,ListBaseActivity,injectCommonViews,9,1,0,28
StateProgressBar-master,com.kofigyan.stateprogressbarsample,ListBaseActivity,onCreateOptionsMenu,4,1,1,42
StateProgressBar-master,com.kofigyan.stateprogressbarsample,ListBaseActivity,onOptionsItemSelected,17,3,1,48
StateProgressBar-master,com.kofigyan.stateprogressbarsample,MainActivity,onCreate,7,1,1,14
StateProgressBar-master,com.kofigyan.stateprogressbarsample,MainActivity,getApiFeatures,10,2,0,26
StateProgressBar-master,com.kofigyan.stateprogressbarsample,StatesListActivity,onCreate,9,1,1,23
StateProgressBar-master,com.kofigyan.stateprogressbarsample,StatesListActivity,getItems,10,2,0,41
StateProgressBar-master,com.kofigyan.stateprogressbarsample,UsageAmenitiesActivity,onCreate,6,1,1,16
StateProgressBar-master,com.kofigyan.stateprogressbarsample,UsageAmenitiesActivity,onClick,11,3,1,27
StateProgressBar-master,com.kofigyan.stateprogressbarsample,UsageBaseActivity,setContentView,4,1,1,21
StateProgressBar-master,com.kofigyan.stateprogressbarsample,UsageBaseActivity,injectCommonViews,6,1,0,28
StateProgressBar-master,com.kofigyan.stateprogressbarsample,UsageBaseActivity,injectBackView,4,1,0,36
StateProgressBar-master,com.kofigyan.stateprogressbarsample,UsageCompleteActivity,onCreate,7,1,1,14
StateProgressBar-master,com.kofigyan.stateprogressbarsample,UsageCompleteActivity,onClick,3,1,1,25
StateProgressBar-master,com.kofigyan.stateprogressbarsample,UsageDetailsActivity,onCreate,6,1,1,18
StateProgressBar-master,com.kofigyan.stateprogressbarsample,UsageDetailsActivity,onClick,4,1,1,29
StateProgressBar-master,com.kofigyan.stateprogressbarsample,UsageDetailsActivity,onUserDetailClickListener,16,5,1,35
StateProgressBar-master,com.kofigyan.stateprogressbarsample,UsageDetailsActivity,setupUserDetailsView,6,1,0,54
StateProgressBar-master,com.kofigyan.stateprogressbarsample,UsageDetailsActivity,setupUserDetailsView,4,1,1,61
StateProgressBar-master,com.kofigyan.stateprogressbarsample,UsagePricingActivity,onCreate,6,1,1,16
StateProgressBar-master,com.kofigyan.stateprogressbarsample,UsagePricingActivity,onClick,11,3,1,27
StateProgressBar-master,com.kofigyan.stateprogressbarsample,UsageStatusActivity,onCreate,7,1,1,16
StateProgressBar-master,com.kofigyan.stateprogressbarsample,UsageStatusActivity,onClick,11,3,1,29
StateProgressBar-master,com.kofigyan.stateprogressbarsample.not_stateprogressbar.adapter,ApiFeatureAdapter,ApiFeatureAdapter,4,1,2,28
StateProgressBar-master,com.kofigyan.stateprogressbarsample.not_stateprogressbar.adapter,ApiFeatureAdapter,ItemViewHolder,7,1,2,39
StateProgressBar-master,com.kofigyan.stateprogressbarsample.not_stateprogressbar.adapter,ApiFeatureAdapter,onClick,3,1,1,47
StateProgressBar-master,com.kofigyan.stateprogressbarsample.not_stateprogressbar.adapter,ApiFeatureAdapter,onItemClick,0,1,2,53
StateProgressBar-master,com.kofigyan.stateprogressbarsample.not_stateprogressbar.adapter,ApiFeatureAdapter,getItemCount,3,1,0,58
StateProgressBar-master,com.kofigyan.stateprogressbarsample.not_stateprogressbar.adapter,ApiFeatureAdapter,onCreateViewHolder,12,1,2,63
StateProgressBar-master,com.kofigyan.stateprogressbarsample.not_stateprogressbar.adapter,ApiFeatureAdapter,onItemClick,5,1,2,67
StateProgressBar-master,com.kofigyan.stateprogressbarsample.not_stateprogressbar.adapter,ApiFeatureAdapter,onBindViewHolder,4,1,2,79
StateProgressBar-master,com.kofigyan.stateprogressbarsample.not_stateprogressbar.adapter,ApiFeatureAdapter,onAttachedToRecyclerView,3,1,1,85
StateProgressBar-master,com.kofigyan.stateprogressbarsample.not_stateprogressbar.adapter,ItemViewHolder,ItemViewHolder,7,1,2,39
StateProgressBar-master,com.kofigyan.stateprogressbarsample.not_stateprogressbar.adapter,ItemViewHolder,onClick,3,1,1,47
StateProgressBar-master,com.kofigyan.stateprogressbarsample.not_stateprogressbar.adapter,ItemViewHolder,onItemClick,0,1,2,53
StateProgressBar-master,com.kofigyan.stateprogressbarsample.not_stateprogressbar.adapter,ItemClickListener,onItemClick,0,1,2,53
StateProgressBar-master,com.kofigyan.stateprogressbarsample.not_stateprogressbar.adapter,StatesListAdapter,StatesListAdapter,4,1,2,30
StateProgressBar-master,com.kofigyan.stateprogressbarsample.not_stateprogressbar.adapter,StatesListAdapter,StatesListAdapter,5,1,3,35
StateProgressBar-master,com.kofigyan.stateprogressbarsample.not_stateprogressbar.adapter,StatesListAdapter,ItemViewHolder,6,1,2,46
StateProgressBar-master,com.kofigyan.stateprogressbarsample.not_stateprogressbar.adapter,StatesListAdapter,onClick,3,1,1,53
StateProgressBar-master,com.kofigyan.stateprogressbarsample.not_stateprogressbar.adapter,StatesListAdapter,onItemClick,0,1,2,59
StateProgressBar-master,com.kofigyan.stateprogressbarsample.not_stateprogressbar.adapter,StatesListAdapter,getItemCount,3,1,0,64
StateProgressBar-master,com.kofigyan.stateprogressbarsample.not_stateprogressbar.adapter,StatesListAdapter,onCreateViewHolder,23,3,2,69
StateProgressBar-master,com.kofigyan.stateprogressbarsample.not_stateprogressbar.adapter,StatesListAdapter,onItemClick,16,3,2,73
StateProgressBar-master,com.kofigyan.stateprogressbarsample.not_stateprogressbar.adapter,StatesListAdapter,onBindViewHolder,3,1,2,98
StateProgressBar-master,com.kofigyan.stateprogressbarsample.not_stateprogressbar.adapter,StatesListAdapter,onAttachedToRecyclerView,3,1,1,103
StateProgressBar-master,com.kofigyan.stateprogressbarsample.not_stateprogressbar.adapter,ItemViewHolder,ItemViewHolder,6,1,2,46
StateProgressBar-master,com.kofigyan.stateprogressbarsample.not_stateprogressbar.adapter,ItemViewHolder,onClick,3,1,1,53
StateProgressBar-master,com.kofigyan.stateprogressbarsample.not_stateprogressbar.adapter,ItemViewHolder,onItemClick,0,1,2,59
StateProgressBar-master,com.kofigyan.stateprogressbarsample.not_stateprogressbar.adapter,ItemClickListener,onItemClick,0,1,2,59
StateProgressBar-master,com.kofigyan.stateprogressbarsample.not_stateprogressbar.custom,ContentHeaderView,ContentHeaderView,4,1,1,23
StateProgressBar-master,com.kofigyan.stateprogressbarsample.not_stateprogressbar.custom,ContentHeaderView,ContentHeaderView,4,1,2,28
StateProgressBar-master,com.kofigyan.stateprogressbarsample.not_stateprogressbar.custom,ContentHeaderView,ContentHeaderView,4,1,3,33
StateProgressBar-master,com.kofigyan.stateprogressbarsample.not_stateprogressbar.custom,ContentHeaderView,init,13,2,3,38
StateProgressBar-master,com.kofigyan.stateprogressbarsample.not_stateprogressbar.custom,ContentHeaderView,setHeaderTitle,3,1,1,60
StateProgressBar-master,com.kofigyan.stateprogressbarsample.not_stateprogressbar.custom,ContentHeaderView,setHeaderImage,3,1,1,64
StateProgressBar-master,com.kofigyan.stateprogressbarsample.not_stateprogressbar.custom,DividerItemDecoration,DividerItemDecoration,6,1,2,31
StateProgressBar-master,com.kofigyan.stateprogressbarsample.not_stateprogressbar.custom,DividerItemDecoration,setOrientation,6,2,1,38
StateProgressBar-master,com.kofigyan.stateprogressbarsample.not_stateprogressbar.custom,DividerItemDecoration,onDrawOver,8,2,3,45
StateProgressBar-master,com.kofigyan.stateprogressbarsample.not_stateprogressbar.custom,DividerItemDecoration,drawVertical,13,2,2,54
StateProgressBar-master,com.kofigyan.stateprogressbarsample.not_stateprogressbar.custom,DividerItemDecoration,drawHorizontal,13,2,2,70
StateProgressBar-master,com.kofigyan.stateprogressbarsample.not_stateprogressbar.custom,DividerItemDecoration,getItemOffsets,8,2,4,86
StateProgressBar-master,com.kofigyan.stateprogressbarsample.not_stateprogressbar.custom,SquareLinearLayout,SquareLinearLayout,3,1,1,12
StateProgressBar-master,com.kofigyan.stateprogressbarsample.not_stateprogressbar.custom,SquareLinearLayout,SquareLinearLayout,3,1,2,16
StateProgressBar-master,com.kofigyan.stateprogressbarsample.not_stateprogressbar.custom,SquareLinearLayout,SquareLinearLayout,3,1,3,20
StateProgressBar-master,com.kofigyan.stateprogressbarsample.not_stateprogressbar.custom,SquareLinearLayout,onMeasure,5,1,2,24
StateProgressBar-master,com.kofigyan.stateprogressbarsample.not_stateprogressbar.custom,UserDetailsView,UserDetailsView,4,1,1,22
StateProgressBar-master,com.kofigyan.stateprogressbarsample.not_stateprogressbar.custom,UserDetailsView,UserDetailsView,4,1,2,27
StateProgressBar-master,com.kofigyan.stateprogressbarsample.not_stateprogressbar.custom,UserDetailsView,UserDetailsView,4,1,3,32
StateProgressBar-master,com.kofigyan.stateprogressbarsample.not_stateprogressbar.custom,UserDetailsView,init,13,2,3,38
StateProgressBar-master,com.kofigyan.stateprogressbarsample.not_stateprogressbar.custom,UserDetailsView,setDetailLabel,3,1,1,60
StateProgressBar-master,com.kofigyan.stateprogressbarsample.not_stateprogressbar.custom,UserDetailsView,setDetailValue,3,1,1,64
StateProgressBar-master,com.kofigyan.stateprogressbarsample.not_stateprogressbar.custom,UserDetailsView,onClick,5,2,1,68
StateProgressBar-master,com.kofigyan.stateprogressbarsample.not_stateprogressbar.custom,UserDetailsView,setOnUserDetailClickListener,3,1,1,75
StateProgressBar-master,com.kofigyan.stateprogressbarsample.not_stateprogressbar.custom,UserDetailsView,setOnClickListener,2,1,1,79
StateProgressBar-master,com.kofigyan.stateprogressbarsample.not_stateprogressbar.custom,UserDetailsView,onUserDetailClickListener,0,1,1,85
StateProgressBar-master,com.kofigyan.stateprogressbarsample.not_stateprogressbar.custom,UserDetailsView,onAttachedToWindow,4,1,0,89
StateProgressBar-master,com.kofigyan.stateprogressbarsample.not_stateprogressbar.custom,OnUserDetailClickListener,onUserDetailClickListener,0,1,1,85
StateProgressBar-master,com.kofigyan.stateprogressbarsample.not_stateprogressbar.pojo,ApiFeature,ApiFeature,2,1,0,12
StateProgressBar-master,com.kofigyan.stateprogressbarsample.not_stateprogressbar.pojo,ApiFeature,ApiFeature,4,1,2,15
StateProgressBar-master,com.kofigyan.stateprogressbarsample.not_stateprogressbar.pojo,ApiFeature,getTitle,3,1,0,20
StateProgressBar-master,com.kofigyan.stateprogressbarsample.not_stateprogressbar.pojo,ApiFeature,setTitle,3,1,1,24
StateProgressBar-master,com.kofigyan.stateprogressbarsample.not_stateprogressbar.pojo,ApiFeature,getDescription,3,1,0,28
StateProgressBar-master,com.kofigyan.stateprogressbarsample.not_stateprogressbar.pojo,ApiFeature,setDescription,3,1,1,32
StateProgressBar-master,com.kofigyan.stateprogressbarsample.not_stateprogressbar.utils,Utils,selectActivity,4,1,2,33
StateProgressBar-master,com.kofigyan.stateprogressbar,ApplicationTest,ApplicationTest,3,1,0,10
StateProgressBar-master,com.kofigyan.stateprogressbar,StateProgressBar,StateNumber,3,1,1,39
StateProgressBar-master,com.kofigyan.stateprogressbar,StateProgressBar,getValue,3,1,0,43
StateProgressBar-master,com.kofigyan.stateprogressbar,StateProgressBar,StateProgressBar,3,1,1,199
StateProgressBar-master,com.kofigyan.stateprogressbar,StateProgressBar,StateProgressBar,3,1,2,203
StateProgressBar-master,com.kofigyan.stateprogressbar,StateProgressBar,StateProgressBar,6,1,3,207
StateProgressBar-master,com.kofigyan.stateprogressbar,StateProgressBar,init,42,3,3,215
StateProgressBar-master,com.kofigyan.stateprogressbar,StateProgressBar,initializePainters,9,1,0,284
StateProgressBar-master,com.kofigyan.stateprogressbar,StateProgressBar,setStateNumberTypeface,6,1,1,300
StateProgressBar-master,com.kofigyan.stateprogressbar,StateProgressBar,getStateNumberTypeface,3,1,0,309
StateProgressBar-master,com.kofigyan.stateprogressbar,StateProgressBar,setStateDescriptionTypeface,6,1,1,314
StateProgressBar-master,com.kofigyan.stateprogressbar,StateProgressBar,getStateDescriptionTypeface,3,1,1,322
StateProgressBar-master,com.kofigyan.stateprogressbar,StateProgressBar,validateLineThickness,6,2,1,327
StateProgressBar-master,com.kofigyan.stateprogressbar,StateProgressBar,validateStateSize,5,2,0,335
StateProgressBar-master,com.kofigyan.stateprogressbar,StateProgressBar,setBackgroundColor,5,1,1,341
StateProgressBar-master,com.kofigyan.stateprogressbar,StateProgressBar,getBackgroundColor,3,1,0,347
StateProgressBar-master,com.kofigyan.stateprogressbar,StateProgressBar,setForegroundColor,5,1,1,351
StateProgressBar-master,com.kofigyan.stateprogressbar,StateProgressBar,getForegroundColor,3,1,0,357
StateProgressBar-master,com.kofigyan.stateprogressbar,StateProgressBar,setStateLineThickness,4,1,1,361
StateProgressBar-master,com.kofigyan.stateprogressbar,StateProgressBar,resolveStateLineThickness,6,1,0,366
StateProgressBar-master,com.kofigyan.stateprogressbar,StateProgressBar,getStateLineThickness,3,1,0,373
StateProgressBar-master,com.kofigyan.stateprogressbar,StateProgressBar,setStateNumberBackgroundColor,5,1,1,377
StateProgressBar-master,com.kofigyan.stateprogressbar,StateProgressBar,getStateNumberBackgroundColor,3,1,0,383
StateProgressBar-master,com.kofigyan.stateprogressbar,StateProgressBar,setStateNumberForegroundColor,6,1,1,387
StateProgressBar-master,com.kofigyan.stateprogressbar,StateProgressBar,getStateNumberForegroundColor,3,1,0,394
StateProgressBar-master,com.kofigyan.stateprogressbar,StateProgressBar,setStateDescriptionColor,5,1,1,398
StateProgressBar-master,com.kofigyan.stateprogressbar,StateProgressBar,getStateDescriptionColor,3,1,0,404
StateProgressBar-master,com.kofigyan.stateprogressbar,StateProgressBar,setCurrentStateDescriptionColor,5,1,1,408
StateProgressBar-master,com.kofigyan.stateprogressbar,StateProgressBar,getCurrentStateDescriptionColor,3,1,0,414
StateProgressBar-master,com.kofigyan.stateprogressbar,StateProgressBar,setCurrentStateNumber,6,1,1,418
StateProgressBar-master,com.kofigyan.stateprogressbar,StateProgressBar,getCurrentStateNumber,3,1,0,425
StateProgressBar-master,com.kofigyan.stateprogressbar,StateProgressBar,setMaxStateNumber,4,1,1,430
StateProgressBar-master,com.kofigyan.stateprogressbar,StateProgressBar,resolveMaxStateNumber,5,1,0,435
StateProgressBar-master,com.kofigyan.stateprogressbar,StateProgressBar,getMaxStateNumber,3,1,0,441
StateProgressBar-master,com.kofigyan.stateprogressbar,StateProgressBar,setStateSize,4,1,1,446
StateProgressBar-master,com.kofigyan.stateprogressbar,StateProgressBar,getStateSize,3,1,0,451
StateProgressBar-master,com.kofigyan.stateprogressbar,StateProgressBar,setStateNumberTextSize,4,1,1,455
StateProgressBar-master,com.kofigyan.stateprogressbar,StateProgressBar,setOnStateItemClickListener,3,1,1,461
StateProgressBar-master,com.kofigyan.stateprogressbar,StateProgressBar,resetStateSizeValues,11,1,0,466
StateProgressBar-master,com.kofigyan.stateprogressbar,StateProgressBar,setStateDescriptionSize,4,1,1,483
StateProgressBar-master,com.kofigyan.stateprogressbar,StateProgressBar,resolveStateDescriptionSize,5,1,0,488
StateProgressBar-master,com.kofigyan.stateprogressbar,StateProgressBar,getStateDescriptionSize,3,1,0,494
StateProgressBar-master,com.kofigyan.stateprogressbar,StateProgressBar,getStateNumberTextSize,3,1,0,499
StateProgressBar-master,com.kofigyan.stateprogressbar,StateProgressBar,checkStateCompleted,4,1,1,503
StateProgressBar-master,com.kofigyan.stateprogressbar,StateProgressBar,setAllStatesCompleted,5,1,1,509
StateProgressBar-master,com.kofigyan.stateprogressbar,StateProgressBar,updateCheckAllStatesValues,10,2,1,515
StateProgressBar-master,com.kofigyan.stateprogressbar,StateProgressBar,enableAnimationToCurrentState,7,2,1,526
StateProgressBar-master,com.kofigyan.stateprogressbar,StateProgressBar,validateStateNumber,5,2,1,538
StateProgressBar-master,com.kofigyan.stateprogressbar,StateProgressBar,setDescriptionTopSpaceIncrementer,4,1,1,545
StateProgressBar-master,com.kofigyan.stateprogressbar,StateProgressBar,setDescriptionTopSpaceDecrementer,4,1,1,551
StateProgressBar-master,com.kofigyan.stateprogressbar,StateProgressBar,getDescriptionTopSpaceDecrementer,3,1,0,556
StateProgressBar-master,com.kofigyan.stateprogressbar,StateProgressBar,getDescriptionTopSpaceIncrementer,3,1,0,560
StateProgressBar-master,com.kofigyan.stateprogressbar,StateProgressBar,getDescriptionLinesSpacing,3,1,0,564
StateProgressBar-master,com.kofigyan.stateprogressbar,StateProgressBar,setDescriptionLinesSpacing,4,1,1,568
StateProgressBar-master,com.kofigyan.stateprogressbar,StateProgressBar,setAnimationDuration,4,1,1,574
StateProgressBar-master,com.kofigyan.stateprogressbar,StateProgressBar,getAnimationDuration,3,1,0,579
StateProgressBar-master,com.kofigyan.stateprogressbar,StateProgressBar,setAnimationStartDelay,4,1,1,583
StateProgressBar-master,com.kofigyan.stateprogressbar,StateProgressBar,getAnimationStartDelay,3,1,0,588
StateProgressBar-master,com.kofigyan.stateprogressbar,StateProgressBar,setStateNumberIsDescending,4,1,1,593
StateProgressBar-master,com.kofigyan.stateprogressbar,StateProgressBar,getStateNumberIsDescending,3,1,0,598
StateProgressBar-master,com.kofigyan.stateprogressbar,StateProgressBar,isDescriptionMultiline,3,1,0,603
StateProgressBar-master,com.kofigyan.stateprogressbar,StateProgressBar,updateDescriptionMultilineStatus,3,1,1,608
StateProgressBar-master,com.kofigyan.stateprogressbar,StateProgressBar,getMaxDescriptionLine,3,1,0,613
StateProgressBar-master,com.kofigyan.stateprogressbar,StateProgressBar,setMaxDescriptionLine,4,1,1,618
StateProgressBar-master,com.kofigyan.stateprogressbar,StateProgressBar,isJustifyMultilineDescription,3,1,0,624
StateProgressBar-master,com.kofigyan.stateprogressbar,StateProgressBar,setJustifyMultilineDescription,4,1,1,628
StateProgressBar-master,com.kofigyan.stateprogressbar,StateProgressBar,setPaintAttributes,5,1,2,634
StateProgressBar-master,com.kofigyan.stateprogressbar,StateProgressBar,setPaintAttributes,7,1,3,640
StateProgressBar-master,com.kofigyan.stateprogressbar,StateProgressBar,setPaintAttributes,6,1,1,648
StateProgressBar-master,com.kofigyan.stateprogressbar,StateProgressBar,initStateProgressBar,25,1,1,655
StateProgressBar-master,com.kofigyan.stateprogressbar,StateProgressBar,resolveStateSize,3,1,0,692
StateProgressBar-master,com.kofigyan.stateprogressbar,StateProgressBar,resolveStateSize,15,4,2,697
StateProgressBar-master,com.kofigyan.stateprogressbar,StateProgressBar,drawCircles,5,2,4,715
StateProgressBar-master,com.kofigyan.stateprogressbar,StateProgressBar,onTouchEvent,14,4,1,722
StateProgressBar-master,com.kofigyan.stateprogressbar,StateProgressBar,performClick,8,2,0,743
StateProgressBar-master,com.kofigyan.stateprogressbar,StateProgressBar,isPointInCircle,11,3,2,758
StateProgressBar-master,com.kofigyan.stateprogressbar,StateProgressBar,getStateItem,21,3,1,772
StateProgressBar-master,com.kofigyan.stateprogressbar,StateProgressBar,onSizeChanged,5,1,4,821
StateProgressBar-master,com.kofigyan.stateprogressbar,StateProgressBar,onDraw,4,1,1,829
StateProgressBar-master,com.kofigyan.stateprogressbar,StateProgressBar,onMeasure,7,1,2,836
StateProgressBar-master,com.kofigyan.stateprogressbar,StateProgressBar,getDesiredHeight,13,3,0,850
StateProgressBar-master,com.kofigyan.stateprogressbar,StateProgressBar,getCellHeight,3,1,0,864
StateProgressBar-master,com.kofigyan.stateprogressbar,StateProgressBar,checkForDescriptionMultiLine,11,3,1,869
StateProgressBar-master,com.kofigyan.stateprogressbar,StateProgressBar,getMaxDescriptionLine,9,2,1,882
StateProgressBar-master,com.kofigyan.stateprogressbar,StateProgressBar,selectMaxDescriptionLine,3,1,1,893
StateProgressBar-master,com.kofigyan.stateprogressbar,StateProgressBar,drawState,10,1,1,898
StateProgressBar-master,com.kofigyan.stateprogressbar,StateProgressBar,drawBackgroundCircles,5,1,1,919
StateProgressBar-master,com.kofigyan.stateprogressbar,StateProgressBar,drawForegroundCircles,5,1,1,927
StateProgressBar-master,com.kofigyan.stateprogressbar,StateProgressBar,drawBackgroundLines,5,1,1,936
StateProgressBar-master,com.kofigyan.stateprogressbar,StateProgressBar,drawForegroundLines,5,1,1,943
StateProgressBar-master,com.kofigyan.stateprogressbar,StateProgressBar,drawLines,13,2,4,951
StateProgressBar-master,com.kofigyan.stateprogressbar,StateProgressBar,setAnimatorStartEndCenterX,18,4,0,976
StateProgressBar-master,com.kofigyan.stateprogressbar,StateProgressBar,drawCurrentStateJoiningLine,8,2,1,996
StateProgressBar-master,com.kofigyan.stateprogressbar,StateProgressBar,drawLineToCurrentState,5,1,1,1005
StateProgressBar-master,com.kofigyan.stateprogressbar,StateProgressBar,animateToCurrentState,28,6,1,1015
StateProgressBar-master,com.kofigyan.stateprogressbar,StateProgressBar,drawStateDescriptionText,35,8,1,1050
StateProgressBar-master,com.kofigyan.stateprogressbar,StateProgressBar,getNewXPosForDescriptionMultilineJustification,18,3,4,1099
StateProgressBar-master,com.kofigyan.stateprogressbar,StateProgressBar,selectDescriptionPaint,9,2,2,1127
StateProgressBar-master,com.kofigyan.stateprogressbar,StateProgressBar,resolveStateDescriptionDataSize,8,3,1,1139
StateProgressBar-master,com.kofigyan.stateprogressbar,StateProgressBar,setStateDescriptionData,5,1,1,1149
StateProgressBar-master,com.kofigyan.stateprogressbar,StateProgressBar,setStateDescriptionData,5,1,1,1157
StateProgressBar-master,com.kofigyan.stateprogressbar,StateProgressBar,getStateDescriptionData,3,1,0,1165
StateProgressBar-master,com.kofigyan.stateprogressbar,StateProgressBar,resetStateAnimationData,6,5,0,1169
StateProgressBar-master,com.kofigyan.stateprogressbar,StateProgressBar,drawStateNumberText,19,4,2,1177
StateProgressBar-master,com.kofigyan.stateprogressbar,StateProgressBar,selectPaintType,16,3,3,1207
StateProgressBar-master,com.kofigyan.stateprogressbar,StateProgressBar,applyCheckStateCompletedPaintType,11,3,3,1227
StateProgressBar-master,com.kofigyan.stateprogressbar,StateProgressBar,checkStateCompleted,13,4,3,1238
StateProgressBar-master,com.kofigyan.stateprogressbar,StateProgressBar,isCheckIconUsed,5,2,2,1252
StateProgressBar-master,com.kofigyan.stateprogressbar,StateProgressBar,startAnimator,4,1,0,1263
StateProgressBar-master,com.kofigyan.stateprogressbar,StateProgressBar,stopAnimation,5,2,0,1268
StateProgressBar-master,com.kofigyan.stateprogressbar,StateProgressBar,Animator,3,1,0,1279
StateProgressBar-master,com.kofigyan.stateprogressbar,StateProgressBar,run,18,4,0,1283
StateProgressBar-master,com.kofigyan.stateprogressbar,StateProgressBar,start,4,1,0,1307
StateProgressBar-master,com.kofigyan.stateprogressbar,StateProgressBar,stop,4,1,0,1312
StateProgressBar-master,com.kofigyan.stateprogressbar,StateProgressBar,convertDpToPixel,4,1,1,1320
StateProgressBar-master,com.kofigyan.stateprogressbar,StateProgressBar,convertSpToPixel,4,1,1,1325
StateProgressBar-master,com.kofigyan.stateprogressbar,StateProgressBar,onAttachedToWindow,4,1,0,1331
StateProgressBar-master,com.kofigyan.stateprogressbar,StateProgressBar,onDetachedFromWindow,4,1,0,1339
StateProgressBar-master,com.kofigyan.stateprogressbar,StateProgressBar,setVisibility,4,1,1,1347
StateProgressBar-master,com.kofigyan.stateprogressbar,StateProgressBar,onSaveInstanceState,32,1,0,1356
StateProgressBar-master,com.kofigyan.stateprogressbar,StateProgressBar,onRestoreInstanceState,41,2,1,1405
StateProgressBar-master,com.kofigyan.stateprogressbar,Animator,Animator,3,1,0,1279
StateProgressBar-master,com.kofigyan.stateprogressbar,Animator,run,18,4,0,1283
StateProgressBar-master,com.kofigyan.stateprogressbar,Animator,start,4,1,0,1307
StateProgressBar-master,com.kofigyan.stateprogressbar,Animator,stop,4,1,0,1312
StateProgressBar-master,com.kofigyan.stateprogressbar.components,BaseItem,self,0,1,0,19
StateProgressBar-master,com.kofigyan.stateprogressbar.components,BaseItem,color,4,1,1,21
StateProgressBar-master,com.kofigyan.stateprogressbar.components,BaseItem,size,4,1,1,26
StateProgressBar-master,com.kofigyan.stateprogressbar.components,BaseItem,build,3,1,0,31
StateProgressBar-master,com.kofigyan.stateprogressbar.components,BaseItem,self,3,1,0,38
StateProgressBar-master,com.kofigyan.stateprogressbar.components,BaseItem,builder,3,1,0,44
StateProgressBar-master,com.kofigyan.stateprogressbar.components,BaseItem,BaseItem,4,1,1,48
StateProgressBar-master,com.kofigyan.stateprogressbar.components,BaseItem,getColor,3,1,0,53
StateProgressBar-master,com.kofigyan.stateprogressbar.components,BaseItem,getSize,3,1,0,57
StateProgressBar-master,com.kofigyan.stateprogressbar.components,Builder,self,0,1,0,19
StateProgressBar-master,com.kofigyan.stateprogressbar.components,Builder,color,4,1,1,21
StateProgressBar-master,com.kofigyan.stateprogressbar.components,Builder,size,4,1,1,26
StateProgressBar-master,com.kofigyan.stateprogressbar.components,Builder,build,3,1,0,31
StateProgressBar-master,com.kofigyan.stateprogressbar.components,Builder2,self,3,1,0,38
StateProgressBar-master,com.kofigyan.stateprogressbar.components,StateItem,stateItemNumber,4,1,1,25
StateProgressBar-master,com.kofigyan.stateprogressbar.components,StateItem,stateItemDescription,4,1,1,30
StateProgressBar-master,com.kofigyan.stateprogressbar.components,StateItem,isCurrentState,4,1,1,35
StateProgressBar-master,com.kofigyan.stateprogressbar.components,StateItem,isStateChecked,4,1,1,40
StateProgressBar-master,com.kofigyan.stateprogressbar.components,StateItem,build,3,1,0,45
StateProgressBar-master,com.kofigyan.stateprogressbar.components,StateItem,self,3,1,0,52
StateProgressBar-master,com.kofigyan.stateprogressbar.components,StateItem,builder,3,1,0,58
StateProgressBar-master,com.kofigyan.stateprogressbar.components,StateItem,StateItem,7,1,1,63
StateProgressBar-master,com.kofigyan.stateprogressbar.components,StateItem,getStateItemNumber,3,1,0,72
StateProgressBar-master,com.kofigyan.stateprogressbar.components,StateItem,getStateItemDescription,3,1,0,76
StateProgressBar-master,com.kofigyan.stateprogressbar.components,StateItem,isCurrentState,3,1,0,80
StateProgressBar-master,com.kofigyan.stateprogressbar.components,StateItem,isStateChecked,3,1,0,84
StateProgressBar-master,com.kofigyan.stateprogressbar.components,Builder,stateItemNumber,4,1,1,25
StateProgressBar-master,com.kofigyan.stateprogressbar.components,Builder,stateItemDescription,4,1,1,30
StateProgressBar-master,com.kofigyan.stateprogressbar.components,Builder,isCurrentState,4,1,1,35
StateProgressBar-master,com.kofigyan.stateprogressbar.components,Builder,isStateChecked,4,1,1,40
StateProgressBar-master,com.kofigyan.stateprogressbar.components,Builder,build,3,1,0,45
StateProgressBar-master,com.kofigyan.stateprogressbar.components,Builder2,self,3,1,0,52
StateProgressBar-master,com.kofigyan.stateprogressbar.components,StateItemDescription,text,4,1,1,17
StateProgressBar-master,com.kofigyan.stateprogressbar.components,StateItemDescription,build,3,1,0,22
StateProgressBar-master,com.kofigyan.stateprogressbar.components,StateItemDescription,self,3,1,0,28
StateProgressBar-master,com.kofigyan.stateprogressbar.components,StateItemDescription,builder,3,1,0,34
StateProgressBar-master,com.kofigyan.stateprogressbar.components,StateItemDescription,StateItemDescription,4,1,1,39
StateProgressBar-master,com.kofigyan.stateprogressbar.components,StateItemDescription,getText,3,1,0,44
StateProgressBar-master,com.kofigyan.stateprogressbar.components,Builder,text,4,1,1,17
StateProgressBar-master,com.kofigyan.stateprogressbar.components,Builder,build,3,1,0,22
StateProgressBar-master,com.kofigyan.stateprogressbar.components,Builder2,self,3,1,0,28
StateProgressBar-master,com.kofigyan.stateprogressbar.components,StateItemNumber,number,4,1,1,16
StateProgressBar-master,com.kofigyan.stateprogressbar.components,StateItemNumber,build,3,1,0,21
StateProgressBar-master,com.kofigyan.stateprogressbar.components,StateItemNumber,self,3,1,0,27
StateProgressBar-master,com.kofigyan.stateprogressbar.components,StateItemNumber,builder,3,1,0,33
StateProgressBar-master,com.kofigyan.stateprogressbar.components,StateItemNumber,StateItemNumber,4,1,1,38
StateProgressBar-master,com.kofigyan.stateprogressbar.components,StateItemNumber,getNumber,3,1,0,44
StateProgressBar-master,com.kofigyan.stateprogressbar.components,Builder,number,4,1,1,16
StateProgressBar-master,com.kofigyan.stateprogressbar.components,Builder,build,3,1,0,21
StateProgressBar-master,com.kofigyan.stateprogressbar.components,Builder2,self,3,1,0,27
StateProgressBar-master,com.kofigyan.stateprogressbar.listeners,OnStateItemClickListener,onStateItemClick,0,1,4,13
StateProgressBar-master,com.kofigyan.stateprogressbar.utils,FontManager,getTypeface,8,2,1,21
StateProgressBar-master,com.kofigyan.stateprogressbar.utils,FontManager,getTypeface,17,2,2,34
